Nombre cientifico de entrada,Familia (GBIF),Genero (GBIF),Especie (GBIF),EOO (km2),AOO (km2),Altitud minima (m),Altitud maxima (m),Pa押es,Areas protegidas,Mapa de registros de presencia,Mapa agrupado,Archivo CSV con registros de presencia
Abarema racemiflora,Fabaceae,Abarema,Abarema racemiflora,3369446.21,124.00,205.00,2000.00,"BO, BR, CO, CR, EC, PA","Braulio Carrillo, Cordillera Volcanica Central, Cotapata, Donoso, La Selva, Las Orquideas, Llanganates","=HYPERLINK(""https://evaluacion-arboles-mesoamerica.github.io/Abarema_racemiflora-Axinaea_costaricensis/Abarema_racemiflora-mapa_registros_presencia.html"", ""Enlace al mapa"")","=HYPERLINK(""https://evaluacion-arboles-mesoamerica.github.io/Abarema_racemiflora-Axinaea_costaricensis/Abarema_racemiflora-mapa_agrupado.html"", ""Enlace al mapa"")","=HYPERLINK(""https://github.com/evaluacion-arboles-mesoamerica/Abarema_racemiflora-Axinaea_costaricensis/blob/master/Abarema_racemiflora-registros_presencia.csv"", ""Enlace al archivo"")"
Acalypha ferdinandi,Euphorbiaceae,Acalypha,Acalypha ferdinandi,803644.48,288.00,0.00,1550.00,"CR, GT, HN, MX, PE","Area de Conservaci칩n Guanacaste, Carara, Cerro San Gil, Cerro de Escazu, Cerros de Turrubares, El Rodeo, La Cangreja, Lancetilla, Palenque, Santa Rosa, Volcan Tenorio","=HYPERLINK(""https://evaluacion-arboles-mesoamerica.github.io/Abarema_racemiflora-Axinaea_costaricensis/Acalypha_ferdinandi-mapa_registros_presencia.html"", ""Enlace al mapa"")","=HYPERLINK(""https://evaluacion-arboles-mesoamerica.github.io/Abarema_racemiflora-Axinaea_costaricensis/Acalypha_ferdinandi-mapa_agrupado.html"", ""Enlace al mapa"")","=HYPERLINK(""https://github.com/evaluacion-arboles-mesoamerica/Abarema_racemiflora-Axinaea_costaricensis/blob/master/Acalypha_ferdinandi-registros_presencia.csv"", ""Enlace al archivo"")"
Aegiphila panamensis,Lamiaceae,Aegiphila,Aegiphila panamensis,8450100.76,1660.00,0.00,2590.80,"BO, BR, CO, CR, EC, GF, GT, HN, MX, NI, PA, PE, SV, VE","Alto Orinoco-Casiquiare, Amacayacu, Antisana, Apaneca-Llamatepec, Archipi칠lago  de Zapatera, Area Natural Protegida Laguna del Jocotal, Area de Conservaci칩n Guanacaste, Barra Honda, Barra del Colorado, Barro Colorado, Bosawas, Cahuita, Camino de Cruces, Cano Negro, Carara, Ca침o Negro, Cerro Cumaica Cerro Alegre, Cerro El Arenal, Cerro Gaital, Cerro Mombachito La Vieja, Cerro Nara, Cerro Silva, Cerro Tomabu, Cerros de Turrubares, Chagres, Chirripo, Coiba, Coiba National Park and its Special Zone of Marine Protection, Complejo Laguna G칲ija, Complejo Volc치nico San Cristobal Casitas, Complejo de Humedales Cuyabeno Lagartococha Yasun칤, Corcovado, Cueva de los Guacharos, Cuyabeno, Darien National Park, Dari칠n, Diria, Donoso, El Caj칩n, El Caura, El Montuoso, El Rodeo, El Tam치, Embalse Cerr칩n Grande, Encanto de los manglares del Bajo Baudo, Formaciones de Tepuyes, Gandoca Manzanillo, Gandoca-Manzanillo, Golfo Dulce, Guanacaste, Humedal Caribe Noreste, Indio Maiz, Internacional La Amistad, La Cangreja, La Joya, La Paragua, Laguna El Jocotal, Laguna de Apoyo, Las Tablas, Los Corales del Rosario y San Bernardo, Los Guatuzos, Los Santos, Manuel Antonio, Metropolitano, Miraflor/Moropotente, Miravalles, Nancuchiname (Mata de Pi침a, La Maroma, Porci칩n 5 y 6), Nargan치, Nukak, Parque Nacional Montecristo, Parque do Xingu, Piedras Blancas, Plan de Amayo, Punchina, Punta Gorda, Reserva de la Bi칩sfera de Yasuni, Rincon de la Vieja, Rio Negro, R칤o San Juan, San Diego La Barra, laguna, cerro, San felipe (12), Santa Rosa, Serrania de los Yariguies, Serran칤a de la Neblina, Sierra Amerrisque, Soberania, Sur del Estado Bol칤var, Sureste de Nicaragua, Talamanca Range-La Amistad Reserves / La Amistad National Park, Tortuguero, Volcan Bar칰, Volc치n  Masaya, Volc치n Cosiguina, Xiriualtique-Jiquilisco, Yanesha, Yasun칤, Zona de Amortiguamiento (Bosawas), Zona de Amortiguamiento (Tisey Estanzuela), 츼rea De Prote칞칚o Ambiental  Tapuruquara, 츼rea De Prote칞칚o Ambiental Do Lago De Tucurui","=HYPERLINK(""https://evaluacion-arboles-mesoamerica.github.io/Abarema_racemiflora-Axinaea_costaricensis/Aegiphila_panamensis-mapa_registros_presencia.html"", ""Enlace al mapa"")","=HYPERLINK(""https://evaluacion-arboles-mesoamerica.github.io/Abarema_racemiflora-Axinaea_costaricensis/Aegiphila_panamensis-mapa_agrupado.html"", ""Enlace al mapa"")","=HYPERLINK(""https://github.com/evaluacion-arboles-mesoamerica/Abarema_racemiflora-Axinaea_costaricensis/blob/master/Aegiphila_panamensis-registros_presencia.csv"", ""Enlace al archivo"")"
Agonandra macrocarpa,Opiliaceae,Agonandra,Agonandra macrocarpa,370348.21,236.00,,,"CR, HN, MX, NI","Ancient Maya City and Protected Tropical Forests of Calakmul, Campeche, Area de Conservaci칩n Guanacaste, Balam-Ku, Calakmul, Ci칠nagas y Manglares de la Costa Norte de Yucat치n, Diria, Dzilam, Guanacaste, Humedal de Importancia para la Conservaci칩n de Aves Acu치ticas Reserva R칤o Lagartos, Palo Verde, Regi칩n de Calakmul, Reserva Estatal de Dzilam, R칤a Lagartos, Santa Rosa, Tivives","=HYPERLINK(""https://evaluacion-arboles-mesoamerica.github.io/Abarema_racemiflora-Axinaea_costaricensis/Agonandra_macrocarpa-mapa_registros_presencia.html"", ""Enlace al mapa"")","=HYPERLINK(""https://evaluacion-arboles-mesoamerica.github.io/Abarema_racemiflora-Axinaea_costaricensis/Agonandra_macrocarpa-mapa_agrupado.html"", ""Enlace al mapa"")","=HYPERLINK(""https://github.com/evaluacion-arboles-mesoamerica/Abarema_racemiflora-Axinaea_costaricensis/blob/master/Agonandra_macrocarpa-registros_presencia.csv"", ""Enlace al archivo"")"
Aiouea brenesii,Lauraceae,Aiouea,Aiouea brenesii,701285.15,168.00,,,"CO, CR, HN, MX, PA","Area de Conservaci칩n Guanacaste, Coiba, Coiba National Park and its Special Zone of Marine Protection, El Rodeo, Guanacaste, Internacional La Amistad, Las Tablas, Penas Blancas, Rincon de la Vieja, Santa Fe, Talamanca Range-La Amistad Reserves / La Amistad National Park, Volcan Bar칰, Yaxchil치n","=HYPERLINK(""https://evaluacion-arboles-mesoamerica.github.io/Abarema_racemiflora-Axinaea_costaricensis/Aiouea_brenesii-mapa_registros_presencia.html"", ""Enlace al mapa"")","=HYPERLINK(""https://evaluacion-arboles-mesoamerica.github.io/Abarema_racemiflora-Axinaea_costaricensis/Aiouea_brenesii-mapa_agrupado.html"", ""Enlace al mapa"")","=HYPERLINK(""https://github.com/evaluacion-arboles-mesoamerica/Abarema_racemiflora-Axinaea_costaricensis/blob/master/Aiouea_brenesii-registros_presencia.csv"", ""Enlace al archivo"")"
Aiouea neurophylla,Lauraceae,Aiouea,Aiouea neurophylla,603005.04,156.00,0.00,1550.00,"CR, HN, MX, NI, PA","Bosawas, Cerro Guabule, Cerros de Turrubares, Corcovado, Golfito, Golfo Dulce, Humedal Caribe Noreste, Lancetilla, Las Tablas, Piedras Blancas, Punta Rio Claro, Talamanca Range-La Amistad Reserves / La Amistad National Park, Tortuguero","=HYPERLINK(""https://evaluacion-arboles-mesoamerica.github.io/Abarema_racemiflora-Axinaea_costaricensis/Aiouea_neurophylla-mapa_registros_presencia.html"", ""Enlace al mapa"")","=HYPERLINK(""https://evaluacion-arboles-mesoamerica.github.io/Abarema_racemiflora-Axinaea_costaricensis/Aiouea_neurophylla-mapa_agrupado.html"", ""Enlace al mapa"")","=HYPERLINK(""https://github.com/evaluacion-arboles-mesoamerica/Abarema_racemiflora-Axinaea_costaricensis/blob/master/Aiouea_neurophylla-registros_presencia.csv"", ""Enlace al archivo"")"
Aiouea obscura,Lauraceae,Aiouea,Aiouea obscura,111491.53,76.00,,,"CO, CR","Corcovado, Golfo Dulce","=HYPERLINK(""https://evaluacion-arboles-mesoamerica.github.io/Abarema_racemiflora-Axinaea_costaricensis/Aiouea_obscura-mapa_registros_presencia.html"", ""Enlace al mapa"")","=HYPERLINK(""https://evaluacion-arboles-mesoamerica.github.io/Abarema_racemiflora-Axinaea_costaricensis/Aiouea_obscura-mapa_agrupado.html"", ""Enlace al mapa"")","=HYPERLINK(""https://github.com/evaluacion-arboles-mesoamerica/Abarema_racemiflora-Axinaea_costaricensis/blob/master/Aiouea_obscura-registros_presencia.csv"", ""Enlace al archivo"")"
Aiouea pittieri,Lauraceae,Aiouea,Aiouea pittieri,98080.68,284.00,,,"CR, NI, PA","Area de Conservaci칩n Guanacaste, Arenal Monteverde, Cerro El Arenal, Cerro Hoya, Cerro Tisey Estanzuela, Cerros de Turrubares, Corcovado, Fortuna, Guanacaste, Internacional La Amistad, La Cangreja, Las Tablas, Miraflor/Moropotente, Rincon de la Vieja, Talamanca Range-La Amistad Reserves / La Amistad National Park","=HYPERLINK(""https://evaluacion-arboles-mesoamerica.github.io/Abarema_racemiflora-Axinaea_costaricensis/Aiouea_pittieri-mapa_registros_presencia.html"", ""Enlace al mapa"")","=HYPERLINK(""https://evaluacion-arboles-mesoamerica.github.io/Abarema_racemiflora-Axinaea_costaricensis/Aiouea_pittieri-mapa_agrupado.html"", ""Enlace al mapa"")","=HYPERLINK(""https://github.com/evaluacion-arboles-mesoamerica/Abarema_racemiflora-Axinaea_costaricensis/blob/master/Aiouea_pittieri-registros_presencia.csv"", ""Enlace al archivo"")"
Aiouea tonduzii,Lauraceae,Aiouea,Aiouea tonduzii,102675.80,188.00,0.50,1850.00,"CR, PA","Altos de Campana, Area de Conservaci칩n Guanacaste, Arenal Monteverde, Cerro de Escazu, Chirripo, Darien National Park, Dari칠n, Fortuna, Guanacaste, La Amistad, Las Tablas, Los Santos, Nargan치, Rincon de la Vieja, Rio Banano, Talamanca Range-La Amistad Reserves / La Amistad National Park, 츼rea de Manejo Especial Municipal de Chame (Manglares)","=HYPERLINK(""https://evaluacion-arboles-mesoamerica.github.io/Abarema_racemiflora-Axinaea_costaricensis/Aiouea_tonduzii-mapa_registros_presencia.html"", ""Enlace al mapa"")","=HYPERLINK(""https://evaluacion-arboles-mesoamerica.github.io/Abarema_racemiflora-Axinaea_costaricensis/Aiouea_tonduzii-mapa_agrupado.html"", ""Enlace al mapa"")","=HYPERLINK(""https://github.com/evaluacion-arboles-mesoamerica/Abarema_racemiflora-Axinaea_costaricensis/blob/master/Aiouea_tonduzii-registros_presencia.csv"", ""Enlace al archivo"")"
Aiphanes hirsuta,Arecaceae,Aiphanes,Aiphanes hirsuta,558283.91,372.00,125.00,2300.00,"CO, CR, EC, PA","Altos de Campana, Camelias, Canones de los rios Melcocho y Santo Domingo, Carauta, Cerro Gaital, Chagres, Cotacachi Cayapas, Darien, Darien National Park, Dari칠n, De Urrao, Embalse el Penol y Cuenca Alta del Rio Guatape, Fortuna, General de Divisi칩n Omar Torrijos Herrera, La Tebaida, Las Orquideas, Paramillo, Punchina, Rio Anchicaya, Santa Fe","=HYPERLINK(""https://evaluacion-arboles-mesoamerica.github.io/Abarema_racemiflora-Axinaea_costaricensis/Aiphanes_hirsuta-mapa_registros_presencia.html"", ""Enlace al mapa"")","=HYPERLINK(""https://evaluacion-arboles-mesoamerica.github.io/Abarema_racemiflora-Axinaea_costaricensis/Aiphanes_hirsuta-mapa_agrupado.html"", ""Enlace al mapa"")","=HYPERLINK(""https://github.com/evaluacion-arboles-mesoamerica/Abarema_racemiflora-Axinaea_costaricensis/blob/master/Aiphanes_hirsuta-registros_presencia.csv"", ""Enlace al archivo"")"
Albizia duckeana,Fabaceae,Albizia,Albizia duckeana,3966291.11,40.00,42.50,145.00,"BR, GY, HN","Parque Estadual Cristalino, Tawahka Asangni","=HYPERLINK(""https://evaluacion-arboles-mesoamerica.github.io/Abarema_racemiflora-Axinaea_costaricensis/Albizia_duckeana-mapa_registros_presencia.html"", ""Enlace al mapa"")","=HYPERLINK(""https://evaluacion-arboles-mesoamerica.github.io/Abarema_racemiflora-Axinaea_costaricensis/Albizia_duckeana-mapa_agrupado.html"", ""Enlace al mapa"")","=HYPERLINK(""https://github.com/evaluacion-arboles-mesoamerica/Abarema_racemiflora-Axinaea_costaricensis/blob/master/Albizia_duckeana-registros_presencia.csv"", ""Enlace al archivo"")"
Alfaroa manningii,Juglandaceae,Alfaroa,Alfaroa manningii,73899.22,184.00,0.00,2150.00,"CO, CR","Alberto Manuel Brenes, Area de Conservaci칩n Guanacaste, Arenal Monteverde, Barbilla, Guanacaste, Miravalles, Monumento Nacional Guayabo, Rincon de la Vieja, Rio Pacuare, Talamanca Range-La Amistad Reserves / La Amistad National Park, Volcan Tenorio","=HYPERLINK(""https://evaluacion-arboles-mesoamerica.github.io/Abarema_racemiflora-Axinaea_costaricensis/Alfaroa_manningii-mapa_registros_presencia.html"", ""Enlace al mapa"")","=HYPERLINK(""https://evaluacion-arboles-mesoamerica.github.io/Abarema_racemiflora-Axinaea_costaricensis/Alfaroa_manningii-mapa_agrupado.html"", ""Enlace al mapa"")","=HYPERLINK(""https://github.com/evaluacion-arboles-mesoamerica/Abarema_racemiflora-Axinaea_costaricensis/blob/master/Alfaroa_manningii-registros_presencia.csv"", ""Enlace al archivo"")"
Alibertia utleyorum,Rubiaceae,Alibertia,Alibertia utleyorum,27313.63,80.00,0.00,300.00,CR,"Corcovado, Cordillera Volcanica Central, Estero Puntarenas y Manglares Asociados, Golfo Dulce, Internacional La Amistad, Talamanca Range-La Amistad Reserves / La Amistad National Park","=HYPERLINK(""https://evaluacion-arboles-mesoamerica.github.io/Abarema_racemiflora-Axinaea_costaricensis/Alibertia_utleyorum-mapa_registros_presencia.html"", ""Enlace al mapa"")","=HYPERLINK(""https://evaluacion-arboles-mesoamerica.github.io/Abarema_racemiflora-Axinaea_costaricensis/Alibertia_utleyorum-mapa_agrupado.html"", ""Enlace al mapa"")","=HYPERLINK(""https://github.com/evaluacion-arboles-mesoamerica/Abarema_racemiflora-Axinaea_costaricensis/blob/master/Alibertia_utleyorum-registros_presencia.csv"", ""Enlace al archivo"")"
Alseis costaricensis,Rubiaceae,Alseis,Alseis costaricensis,42715.66,116.00,,,"CR, NI","Area de Conservaci칩n Guanacaste, Carara, Corcovado, Estero Puntarenas y Manglares Asociados, Gandoca Manzanillo, Gandoca-Manzanillo, Golfo Dulce, Guanacaste, Sureste de Nicaragua","=HYPERLINK(""https://evaluacion-arboles-mesoamerica.github.io/Abarema_racemiflora-Axinaea_costaricensis/Alseis_costaricensis-mapa_registros_presencia.html"", ""Enlace al mapa"")","=HYPERLINK(""https://evaluacion-arboles-mesoamerica.github.io/Abarema_racemiflora-Axinaea_costaricensis/Alseis_costaricensis-mapa_agrupado.html"", ""Enlace al mapa"")","=HYPERLINK(""https://github.com/evaluacion-arboles-mesoamerica/Abarema_racemiflora-Axinaea_costaricensis/blob/master/Alseis_costaricensis-registros_presencia.csv"", ""Enlace al archivo"")"
Amaioua pedicellata,Rubiaceae,Amaioua,Amaioua pedicellata,73590.07,176.00,118.00,1600.00,"CR, PA","Barbilla, Braulio Carrillo, Cerro Nara, Donoso, Fortuna, General de Divisi칩n Omar Torrijos Herrera, Hitoy Cerere, Internacional La Amistad, La Amistad, Nargan치, Palo Seco, Reserva de la Bi칩sfera de La Amistad, Rio Macho, Santa Fe, Talamanca Range-La Amistad Reserves / La Amistad National Park","=HYPERLINK(""https://evaluacion-arboles-mesoamerica.github.io/Abarema_racemiflora-Axinaea_costaricensis/Amaioua_pedicellata-mapa_registros_presencia.html"", ""Enlace al mapa"")","=HYPERLINK(""https://evaluacion-arboles-mesoamerica.github.io/Abarema_racemiflora-Axinaea_costaricensis/Amaioua_pedicellata-mapa_agrupado.html"", ""Enlace al mapa"")","=HYPERLINK(""https://github.com/evaluacion-arboles-mesoamerica/Abarema_racemiflora-Axinaea_costaricensis/blob/master/Amaioua_pedicellata-registros_presencia.csv"", ""Enlace al archivo"")"
Amphipterygium molle,Anacardiaceae,Amphipterygium,Amphipterygium molle,245493.75,60.00,0.00,2110.00,"CR, MX","Area de Conservaci칩n Guanacaste, Cuenca Alimentadora del Distrito Nacional de Riego 043 Estado de Nayarit, Guanacaste, Santa Rosa","=HYPERLINK(""https://evaluacion-arboles-mesoamerica.github.io/Abarema_racemiflora-Axinaea_costaricensis/Amphipterygium_molle-mapa_registros_presencia.html"", ""Enlace al mapa"")","=HYPERLINK(""https://evaluacion-arboles-mesoamerica.github.io/Abarema_racemiflora-Axinaea_costaricensis/Amphipterygium_molle-mapa_agrupado.html"", ""Enlace al mapa"")","=HYPERLINK(""https://github.com/evaluacion-arboles-mesoamerica/Abarema_racemiflora-Axinaea_costaricensis/blob/master/Amphipterygium_molle-registros_presencia.csv"", ""Enlace al archivo"")"
Amphitecna gentryi,Bignoniaceae,Amphitecna,Amphitecna gentryi,6421.35,108.00,300.00,1840.00,CR,"Area de Conservaci칩n Guanacaste, Arenal Monteverde, Braulio Carrillo, Guanacaste, Tenorio, Volcan Tenorio","=HYPERLINK(""https://evaluacion-arboles-mesoamerica.github.io/Abarema_racemiflora-Axinaea_costaricensis/Amphitecna_gentryi-mapa_registros_presencia.html"", ""Enlace al mapa"")","=HYPERLINK(""https://evaluacion-arboles-mesoamerica.github.io/Abarema_racemiflora-Axinaea_costaricensis/Amphitecna_gentryi-mapa_agrupado.html"", ""Enlace al mapa"")","=HYPERLINK(""https://github.com/evaluacion-arboles-mesoamerica/Abarema_racemiflora-Axinaea_costaricensis/blob/master/Amphitecna_gentryi-registros_presencia.csv"", ""Enlace al archivo"")"
Amphitecna isthmica,Bignoniaceae,Amphitecna,Amphitecna isthmica,124145.84,196.00,,,"CO, CR, PA","Carara, Cerro Gaital, Corcovado, Darien National Park, Dari칠n, Donoso, Gandoca Manzanillo, Gandoca-Manzanillo, General de Divisi칩n Omar Torrijos Herrera, Golfito, Golfo Dulce, La Cangreja, Las Tablas, Los Santos, Talamanca Range-La Amistad Reserves / La Amistad National Park","=HYPERLINK(""https://evaluacion-arboles-mesoamerica.github.io/Abarema_racemiflora-Axinaea_costaricensis/Amphitecna_isthmica-mapa_registros_presencia.html"", ""Enlace al mapa"")","=HYPERLINK(""https://evaluacion-arboles-mesoamerica.github.io/Abarema_racemiflora-Axinaea_costaricensis/Amphitecna_isthmica-mapa_agrupado.html"", ""Enlace al mapa"")","=HYPERLINK(""https://github.com/evaluacion-arboles-mesoamerica/Abarema_racemiflora-Axinaea_costaricensis/blob/master/Amphitecna_isthmica-registros_presencia.csv"", ""Enlace al archivo"")"
Amyris brenesii,Rutaceae,Amyris,Amyris brenesii,94880.49,132.00,,,"CR, SV","Alberto Manuel Brenes, Area de Conservaci칩n Guanacaste, Arenal, Carara, Cerro de Escazu, Gandoca Manzanillo, Gandoca-Manzanillo, Golfo Dulce, Hitoy Cerere, Humedal Caribe Noreste, Internacional La Amistad, San Benito I y II, Talamanca Range-La Amistad Reserves / La Amistad National Park, Tortuguero","=HYPERLINK(""https://evaluacion-arboles-mesoamerica.github.io/Abarema_racemiflora-Axinaea_costaricensis/Amyris_brenesii-mapa_registros_presencia.html"", ""Enlace al mapa"")","=HYPERLINK(""https://evaluacion-arboles-mesoamerica.github.io/Abarema_racemiflora-Axinaea_costaricensis/Amyris_brenesii-mapa_agrupado.html"", ""Enlace al mapa"")","=HYPERLINK(""https://github.com/evaluacion-arboles-mesoamerica/Abarema_racemiflora-Axinaea_costaricensis/blob/master/Amyris_brenesii-registros_presencia.csv"", ""Enlace al archivo"")"
Amyris magnifolia,Rutaceae,Amyris,Amyris magnifolia,4898.78,28.00,200.00,1100.00,CR,"Carara, Golfo Dulce, Piedras Blancas","=HYPERLINK(""https://evaluacion-arboles-mesoamerica.github.io/Abarema_racemiflora-Axinaea_costaricensis/Amyris_magnifolia-mapa_registros_presencia.html"", ""Enlace al mapa"")","=HYPERLINK(""https://evaluacion-arboles-mesoamerica.github.io/Abarema_racemiflora-Axinaea_costaricensis/Amyris_magnifolia-mapa_agrupado.html"", ""Enlace al mapa"")","=HYPERLINK(""https://github.com/evaluacion-arboles-mesoamerica/Abarema_racemiflora-Axinaea_costaricensis/blob/master/Amyris_magnifolia-registros_presencia.csv"", ""Enlace al archivo"")"
Anaxagorea phaeocarpa,Annonaceae,Anaxagorea,Anaxagorea phaeocarpa,8721212.41,756.00,0.00,3064.00,"BR, CO, CR, EC, GF, NI, PA, PE","Airo Pai, Allpahuayo  Mishana, Amacayacu, Amazon Estuary and its Mangroves, Area de Conservaci칩n Guanacaste, Barbilla, Barra del Colorado, Braulio Carrillo, Complejo de humedales Lagos de Tarapoto, Corcovado, Cordillera Volcanica Central, Cuyabeno, Darien National Park, Dari칠n, Esta칞칚o Ecol칩gica Do Gr칚o Par치, Floresta Estadual De Faro, Floresta Estadual Do Amap치, Floresta Estadual Do Trombetas, Floresta Nacional De Caxiuan칚, Floresta Nacional De Tapaj칩s, Golfo de Tribuga Cabo Corrientes, Guanacaste, Hitoy Cerere, Humedal Caribe Noreste, Indio Maiz, Internacional La Amistad, Karara칪, La Selva, La Sierpe, Maquenque, Marais De Kaw, Mara칚 Urubaxi, Montagne de Kaw, Nargan치, Pacaas Novas, Parque Ecologico Urbano de Cobija, Parque Nacional Da Serra Do Divisor, Parque Nacional De Paca치s Novos, Parque Nacional Mapinguari, Parque Nacional Montanhas Do Tumucumaque, Parque do Xingu, Reserva Biol칩gica Do Rio Trombetas, Reserva De Desenvolvimento Sustent치vel Do Rio Iratapuru, Reserva Extrativista Mapu치, Reserva de la Bi칩sfera de Yasuni, Rio Negro, Rio Pacuare, Sureste de Nicaragua, S칚o Gabriel/S칚o Salvador, Talamanca Range-La Amistad Reserves / La Amistad National Park, Tortuguero, Trombetas/Mapuera, Uru-Eu-Wau-Wau, Waimiri-Atroari, Yaigoje Apaporis, Yanomami, Yasun칤, 츼rea De Prote칞칚o Ambiental Do Arquip칠lago Do Maraj칩, 칄vare I","=HYPERLINK(""https://evaluacion-arboles-mesoamerica.github.io/Abarema_racemiflora-Axinaea_costaricensis/Anaxagorea_phaeocarpa-mapa_registros_presencia.html"", ""Enlace al mapa"")","=HYPERLINK(""https://evaluacion-arboles-mesoamerica.github.io/Abarema_racemiflora-Axinaea_costaricensis/Anaxagorea_phaeocarpa-mapa_agrupado.html"", ""Enlace al mapa"")","=HYPERLINK(""https://github.com/evaluacion-arboles-mesoamerica/Abarema_racemiflora-Axinaea_costaricensis/blob/master/Anaxagorea_phaeocarpa-registros_presencia.csv"", ""Enlace al archivo"")"
Aniba venezuelana,Lauraceae,Aniba,Aniba venezuelana,811242.68,184.00,4.00,1900.00,"CO, CR, NI, VE","Alberto Manuel Brenes, Archie Carr, Arenal Monteverde, Barbilla, Barra del Colorado, Corcovado, Cordillera Volcanica Central, Cuenca Alta del R칤o Cojedes, Golfo Dulce, Humedal Caribe Noreste, Indio Maiz, Lapa Verde, Los Santos, Maquenque, Sierra de Nirgua, Sureste de Nicaragua, Talamanca Range-La Amistad Reserves / La Amistad National Park, Tortuguero","=HYPERLINK(""https://evaluacion-arboles-mesoamerica.github.io/Abarema_racemiflora-Axinaea_costaricensis/Aniba_venezuelana-mapa_registros_presencia.html"", ""Enlace al mapa"")","=HYPERLINK(""https://evaluacion-arboles-mesoamerica.github.io/Abarema_racemiflora-Axinaea_costaricensis/Aniba_venezuelana-mapa_agrupado.html"", ""Enlace al mapa"")","=HYPERLINK(""https://github.com/evaluacion-arboles-mesoamerica/Abarema_racemiflora-Axinaea_costaricensis/blob/master/Aniba_venezuelana-registros_presencia.csv"", ""Enlace al archivo"")"
Annona danforthii,Annonaceae,Annona,Annona danforthii,853488.10,108.00,,,"CO, CR","Amacayacu, Area de Conservaci칩n Guanacaste, Cerro Nara, Complejo de humedales Lagos de Tarapoto, Golfo Dulce, Guanacaste, Las Orquideas, Los Santos, Rio Banano","=HYPERLINK(""https://evaluacion-arboles-mesoamerica.github.io/Abarema_racemiflora-Axinaea_costaricensis/Annona_danforthii-mapa_registros_presencia.html"", ""Enlace al mapa"")","=HYPERLINK(""https://evaluacion-arboles-mesoamerica.github.io/Abarema_racemiflora-Axinaea_costaricensis/Annona_danforthii-mapa_agrupado.html"", ""Enlace al mapa"")","=HYPERLINK(""https://github.com/evaluacion-arboles-mesoamerica/Abarema_racemiflora-Axinaea_costaricensis/blob/master/Annona_danforthii-registros_presencia.csv"", ""Enlace al archivo"")"
Anthodiscus chocoensis,Caryocaraceae,Anthodiscus,Anthodiscus chocoensis,268372.14,140.00,1.00,1204.00,"CO, CR, PA","Corcovado, Donoso, Golfito, Golfo Dulce, La Sierpe, Los Santos","=HYPERLINK(""https://evaluacion-arboles-mesoamerica.github.io/Abarema_racemiflora-Axinaea_costaricensis/Anthodiscus_chocoensis-mapa_registros_presencia.html"", ""Enlace al mapa"")","=HYPERLINK(""https://evaluacion-arboles-mesoamerica.github.io/Abarema_racemiflora-Axinaea_costaricensis/Anthodiscus_chocoensis-mapa_agrupado.html"", ""Enlace al mapa"")","=HYPERLINK(""https://github.com/evaluacion-arboles-mesoamerica/Abarema_racemiflora-Axinaea_costaricensis/blob/master/Anthodiscus_chocoensis-registros_presencia.csv"", ""Enlace al archivo"")"
Arachnothryx aspera,Rubiaceae,Arachnothryx,Arachnothryx aspera,2328.39,124.00,,,CR,"Arenal Monteverde, Caraigres, Cuenca del Rio Abangares, El Rodeo","=HYPERLINK(""https://evaluacion-arboles-mesoamerica.github.io/Abarema_racemiflora-Axinaea_costaricensis/Arachnothryx_aspera-mapa_registros_presencia.html"", ""Enlace al mapa"")","=HYPERLINK(""https://evaluacion-arboles-mesoamerica.github.io/Abarema_racemiflora-Axinaea_costaricensis/Arachnothryx_aspera-mapa_agrupado.html"", ""Enlace al mapa"")","=HYPERLINK(""https://github.com/evaluacion-arboles-mesoamerica/Abarema_racemiflora-Axinaea_costaricensis/blob/master/Arachnothryx_aspera-registros_presencia.csv"", ""Enlace al archivo"")"
Arachnothryx brenesii,Rubiaceae,Arachnothryx,Arachnothryx brenesii,41688.57,136.00,0.00,1350.00,"CR, PA","Alberto Manuel Brenes, Arenal, Arenal Monteverde, Braulio Carrillo, Volcan Tenorio","=HYPERLINK(""https://evaluacion-arboles-mesoamerica.github.io/Abarema_racemiflora-Axinaea_costaricensis/Arachnothryx_brenesii-mapa_registros_presencia.html"", ""Enlace al mapa"")","=HYPERLINK(""https://evaluacion-arboles-mesoamerica.github.io/Abarema_racemiflora-Axinaea_costaricensis/Arachnothryx_brenesii-mapa_agrupado.html"", ""Enlace al mapa"")","=HYPERLINK(""https://github.com/evaluacion-arboles-mesoamerica/Abarema_racemiflora-Axinaea_costaricensis/blob/master/Arachnothryx_brenesii-registros_presencia.csv"", ""Enlace al archivo"")"
Arachnothryx calycosa,Rubiaceae,Arachnothryx,Arachnothryx calycosa,24484.27,84.00,,,CR,"Arenal Monteverde, Braulio Carrillo, Cordillera Volcanica Central, Golfo Dulce, La Amistad, Reserva de la Bi칩sfera de La Amistad, Talamanca Range-La Amistad Reserves / La Amistad National Park, Tapanti-Macizo de la Muerte","=HYPERLINK(""https://evaluacion-arboles-mesoamerica.github.io/Abarema_racemiflora-Axinaea_costaricensis/Arachnothryx_calycosa-mapa_registros_presencia.html"", ""Enlace al mapa"")","=HYPERLINK(""https://evaluacion-arboles-mesoamerica.github.io/Abarema_racemiflora-Axinaea_costaricensis/Arachnothryx_calycosa-mapa_agrupado.html"", ""Enlace al mapa"")","=HYPERLINK(""https://github.com/evaluacion-arboles-mesoamerica/Abarema_racemiflora-Axinaea_costaricensis/blob/master/Arachnothryx_calycosa-registros_presencia.csv"", ""Enlace al archivo"")"
Arachnothryx chaconii,Rubiaceae,Arachnothryx,Arachnothryx chaconii,1624.05,36.00,620.00,950.00,CR,"Arenal Monteverde, Braulio Carrillo, La Selva, Tenorio","=HYPERLINK(""https://evaluacion-arboles-mesoamerica.github.io/Abarema_racemiflora-Axinaea_costaricensis/Arachnothryx_chaconii-mapa_registros_presencia.html"", ""Enlace al mapa"")","=HYPERLINK(""https://evaluacion-arboles-mesoamerica.github.io/Abarema_racemiflora-Axinaea_costaricensis/Arachnothryx_chaconii-mapa_agrupado.html"", ""Enlace al mapa"")","=HYPERLINK(""https://github.com/evaluacion-arboles-mesoamerica/Abarema_racemiflora-Axinaea_costaricensis/blob/master/Arachnothryx_chaconii-registros_presencia.csv"", ""Enlace al archivo"")"
Arachnothryx costaricensis,Rubiaceae,Arachnothryx,Arachnothryx costaricensis,156524.53,164.00,,,"CR, GT, HN","Alberto Manuel Brenes, Area de Conservaci칩n Guanacaste, Carara, La Amistad, La Cangreja, Pico Bonito, Reserva de la Bi칩sfera de La Amistad, Rincon de la Vieja, Talamanca Range-La Amistad Reserves / La Amistad National Park, Texiguat, Volcan Tenorio","=HYPERLINK(""https://evaluacion-arboles-mesoamerica.github.io/Abarema_racemiflora-Axinaea_costaricensis/Arachnothryx_costaricensis-mapa_registros_presencia.html"", ""Enlace al mapa"")","=HYPERLINK(""https://evaluacion-arboles-mesoamerica.github.io/Abarema_racemiflora-Axinaea_costaricensis/Arachnothryx_costaricensis-mapa_agrupado.html"", ""Enlace al mapa"")","=HYPERLINK(""https://github.com/evaluacion-arboles-mesoamerica/Abarema_racemiflora-Axinaea_costaricensis/blob/master/Arachnothryx_costaricensis-registros_presencia.csv"", ""Enlace al archivo"")"
Arachnothryx monteverdensis,Rubiaceae,Arachnothryx,Arachnothryx monteverdensis,15877.62,156.00,,,CR,"Area de Conservaci칩n Guanacaste, Arenal Monteverde, Cano Negro, Ca침o Negro, Estero Puntarenas y Manglares Asociados, Guanacaste, Rincon de la Vieja, Tenorio, Volcan Tenorio","=HYPERLINK(""https://evaluacion-arboles-mesoamerica.github.io/Abarema_racemiflora-Axinaea_costaricensis/Arachnothryx_monteverdensis-mapa_registros_presencia.html"", ""Enlace al mapa"")","=HYPERLINK(""https://evaluacion-arboles-mesoamerica.github.io/Abarema_racemiflora-Axinaea_costaricensis/Arachnothryx_monteverdensis-mapa_agrupado.html"", ""Enlace al mapa"")","=HYPERLINK(""https://github.com/evaluacion-arboles-mesoamerica/Abarema_racemiflora-Axinaea_costaricensis/blob/master/Arachnothryx_monteverdensis-registros_presencia.csv"", ""Enlace al archivo"")"
Arachnothryx povedae,Rubiaceae,Arachnothryx,Arachnothryx povedae,287.37,28.00,150.00,950.00,CR,"Carara, La Cangreja","=HYPERLINK(""https://evaluacion-arboles-mesoamerica.github.io/Abarema_racemiflora-Axinaea_costaricensis/Arachnothryx_povedae-mapa_registros_presencia.html"", ""Enlace al mapa"")","=HYPERLINK(""https://evaluacion-arboles-mesoamerica.github.io/Abarema_racemiflora-Axinaea_costaricensis/Arachnothryx_povedae-mapa_agrupado.html"", ""Enlace al mapa"")","=HYPERLINK(""https://github.com/evaluacion-arboles-mesoamerica/Abarema_racemiflora-Axinaea_costaricensis/blob/master/Arachnothryx_povedae-registros_presencia.csv"", ""Enlace al archivo"")"
Arachnothryx tayloriae,Rubiaceae,Arachnothryx,Arachnothryx tayloriae,4075.85,28.00,850.00,1400.00,CR,"Arenal Monteverde, Cordillera Volcanica Central, Internacional La Amistad, Rio Banano, Talamanca Range-La Amistad Reserves / La Amistad National Park","=HYPERLINK(""https://evaluacion-arboles-mesoamerica.github.io/Abarema_racemiflora-Axinaea_costaricensis/Arachnothryx_tayloriae-mapa_registros_presencia.html"", ""Enlace al mapa"")","=HYPERLINK(""https://evaluacion-arboles-mesoamerica.github.io/Abarema_racemiflora-Axinaea_costaricensis/Arachnothryx_tayloriae-mapa_agrupado.html"", ""Enlace al mapa"")","=HYPERLINK(""https://github.com/evaluacion-arboles-mesoamerica/Abarema_racemiflora-Axinaea_costaricensis/blob/master/Arachnothryx_tayloriae-registros_presencia.csv"", ""Enlace al archivo"")"
Ardisia alajuelae,Primulaceae,Ardisia,Ardisia alajuelae,0.00,4.00,1200.00,1200.00,NI,,"=HYPERLINK(""https://evaluacion-arboles-mesoamerica.github.io/Abarema_racemiflora-Axinaea_costaricensis/Ardisia_alajuelae-mapa_registros_presencia.html"", ""Enlace al mapa"")","=HYPERLINK(""https://evaluacion-arboles-mesoamerica.github.io/Abarema_racemiflora-Axinaea_costaricensis/Ardisia_alajuelae-mapa_agrupado.html"", ""Enlace al mapa"")","=HYPERLINK(""https://github.com/evaluacion-arboles-mesoamerica/Abarema_racemiflora-Axinaea_costaricensis/blob/master/Ardisia_alajuelae-registros_presencia.csv"", ""Enlace al archivo"")"
Ardisia angucianensis,Primulaceae,Ardisia,Ardisia angucianensis,0.00,4.00,1500.00,1500.00,CR,,"=HYPERLINK(""https://evaluacion-arboles-mesoamerica.github.io/Abarema_racemiflora-Axinaea_costaricensis/Ardisia_angucianensis-mapa_registros_presencia.html"", ""Enlace al mapa"")","=HYPERLINK(""https://evaluacion-arboles-mesoamerica.github.io/Abarema_racemiflora-Axinaea_costaricensis/Ardisia_angucianensis-mapa_agrupado.html"", ""Enlace al mapa"")","=HYPERLINK(""https://github.com/evaluacion-arboles-mesoamerica/Abarema_racemiflora-Axinaea_costaricensis/blob/master/Ardisia_angucianensis-registros_presencia.csv"", ""Enlace al archivo"")"
Ardisia blepharodes,Primulaceae,Ardisia,Ardisia blepharodes,12104.87,40.00,300.00,1500.00,"CR, PA","Barbilla, Golfo Dulce, Palo Seco, Rio Banano, Talamanca Range-La Amistad Reserves / La Amistad National Park","=HYPERLINK(""https://evaluacion-arboles-mesoamerica.github.io/Abarema_racemiflora-Axinaea_costaricensis/Ardisia_blepharodes-mapa_registros_presencia.html"", ""Enlace al mapa"")","=HYPERLINK(""https://evaluacion-arboles-mesoamerica.github.io/Abarema_racemiflora-Axinaea_costaricensis/Ardisia_blepharodes-mapa_agrupado.html"", ""Enlace al mapa"")","=HYPERLINK(""https://github.com/evaluacion-arboles-mesoamerica/Abarema_racemiflora-Axinaea_costaricensis/blob/master/Ardisia_blepharodes-registros_presencia.csv"", ""Enlace al archivo"")"
Ardisia brenesii,Primulaceae,Ardisia,Ardisia brenesii,40557.87,172.00,0.00,1500.00,"CR, NI, PA","Alberto Manuel Brenes, Arenal Monteverde, Barra del Colorado, Cordillera Volcanica Central, Corredor Fronterizo, Humedal Caribe Noreste, Indio Maiz, Maquenque, Nargan치, R칤o San Juan, Sureste de Nicaragua","=HYPERLINK(""https://evaluacion-arboles-mesoamerica.github.io/Abarema_racemiflora-Axinaea_costaricensis/Ardisia_brenesii-mapa_registros_presencia.html"", ""Enlace al mapa"")","=HYPERLINK(""https://evaluacion-arboles-mesoamerica.github.io/Abarema_racemiflora-Axinaea_costaricensis/Ardisia_brenesii-mapa_agrupado.html"", ""Enlace al mapa"")","=HYPERLINK(""https://github.com/evaluacion-arboles-mesoamerica/Abarema_racemiflora-Axinaea_costaricensis/blob/master/Ardisia_brenesii-registros_presencia.csv"", ""Enlace al archivo"")"
Ardisia capitellata,Primulaceae,Ardisia,Ardisia capitellata,10309.71,72.00,1160.00,2050.00,CR,"Estero Puntarenas y Manglares Asociados, Internacional La Amistad, Las Tablas, Talamanca Range-La Amistad Reserves / La Amistad National Park","=HYPERLINK(""https://evaluacion-arboles-mesoamerica.github.io/Abarema_racemiflora-Axinaea_costaricensis/Ardisia_capitellata-mapa_registros_presencia.html"", ""Enlace al mapa"")","=HYPERLINK(""https://evaluacion-arboles-mesoamerica.github.io/Abarema_racemiflora-Axinaea_costaricensis/Ardisia_capitellata-mapa_agrupado.html"", ""Enlace al mapa"")","=HYPERLINK(""https://github.com/evaluacion-arboles-mesoamerica/Abarema_racemiflora-Axinaea_costaricensis/blob/master/Ardisia_capitellata-registros_presencia.csv"", ""Enlace al archivo"")"
Ardisia cartagoana,Primulaceae,Ardisia,Ardisia cartagoana,14315.67,44.00,612.50,1250.00,CR,"Internacional La Amistad, Talamanca Range-La Amistad Reserves / La Amistad National Park, Terraba-Sierpe","=HYPERLINK(""https://evaluacion-arboles-mesoamerica.github.io/Abarema_racemiflora-Axinaea_costaricensis/Ardisia_cartagoana-mapa_registros_presencia.html"", ""Enlace al mapa"")","=HYPERLINK(""https://evaluacion-arboles-mesoamerica.github.io/Abarema_racemiflora-Axinaea_costaricensis/Ardisia_cartagoana-mapa_agrupado.html"", ""Enlace al mapa"")","=HYPERLINK(""https://github.com/evaluacion-arboles-mesoamerica/Abarema_racemiflora-Axinaea_costaricensis/blob/master/Ardisia_cartagoana-registros_presencia.csv"", ""Enlace al archivo"")"
Ardisia crassiramea,Primulaceae,Ardisia,Ardisia crassiramea,3346.75,88.00,650.00,1720.00,CR,"Area de Conservaci칩n Guanacaste, Arenal Monteverde, Guanacaste, Rincon de la Vieja, Volcan Tenorio","=HYPERLINK(""https://evaluacion-arboles-mesoamerica.github.io/Abarema_racemiflora-Axinaea_costaricensis/Ardisia_crassiramea-mapa_registros_presencia.html"", ""Enlace al mapa"")","=HYPERLINK(""https://evaluacion-arboles-mesoamerica.github.io/Abarema_racemiflora-Axinaea_costaricensis/Ardisia_crassiramea-mapa_agrupado.html"", ""Enlace al mapa"")","=HYPERLINK(""https://github.com/evaluacion-arboles-mesoamerica/Abarema_racemiflora-Axinaea_costaricensis/blob/master/Ardisia_crassiramea-registros_presencia.csv"", ""Enlace al archivo"")"
Ardisia dodgei,Primulaceae,Ardisia,Ardisia dodgei,472335.61,128.00,27.50,2550.00,"CO, CR","Corcovado, Cueva de los Guacharos, Golfito, Golfo Dulce, Paramos de Guantiva y la Rusia, Piedras Blancas","=HYPERLINK(""https://evaluacion-arboles-mesoamerica.github.io/Abarema_racemiflora-Axinaea_costaricensis/Ardisia_dodgei-mapa_registros_presencia.html"", ""Enlace al mapa"")","=HYPERLINK(""https://evaluacion-arboles-mesoamerica.github.io/Abarema_racemiflora-Axinaea_costaricensis/Ardisia_dodgei-mapa_agrupado.html"", ""Enlace al mapa"")","=HYPERLINK(""https://github.com/evaluacion-arboles-mesoamerica/Abarema_racemiflora-Axinaea_costaricensis/blob/master/Ardisia_dodgei-registros_presencia.csv"", ""Enlace al archivo"")"
Ardisia dunlapiana,Primulaceae,Ardisia,Ardisia dunlapiana,13171.14,100.00,0.00,900.00,CR,"Corcovado, Estero Puntarenas y Manglares Asociados, Golfito, Golfo Dulce, Piedras Blancas","=HYPERLINK(""https://evaluacion-arboles-mesoamerica.github.io/Abarema_racemiflora-Axinaea_costaricensis/Ardisia_dunlapiana-mapa_registros_presencia.html"", ""Enlace al mapa"")","=HYPERLINK(""https://evaluacion-arboles-mesoamerica.github.io/Abarema_racemiflora-Axinaea_costaricensis/Ardisia_dunlapiana-mapa_agrupado.html"", ""Enlace al mapa"")","=HYPERLINK(""https://github.com/evaluacion-arboles-mesoamerica/Abarema_racemiflora-Axinaea_costaricensis/blob/master/Ardisia_dunlapiana-registros_presencia.csv"", ""Enlace al archivo"")"
Ardisia furfuracea,Primulaceae,Ardisia,Ardisia furfuracea,7560.76,60.00,850.00,2200.00,CR,"Braulio Carrillo, Cordillera Volcanica Central, Golfo Dulce, Talamanca Range-La Amistad Reserves / La Amistad National Park, Tapanti-Macizo de la Muerte","=HYPERLINK(""https://evaluacion-arboles-mesoamerica.github.io/Abarema_racemiflora-Axinaea_costaricensis/Ardisia_furfuracea-mapa_registros_presencia.html"", ""Enlace al mapa"")","=HYPERLINK(""https://evaluacion-arboles-mesoamerica.github.io/Abarema_racemiflora-Axinaea_costaricensis/Ardisia_furfuracea-mapa_agrupado.html"", ""Enlace al mapa"")","=HYPERLINK(""https://github.com/evaluacion-arboles-mesoamerica/Abarema_racemiflora-Axinaea_costaricensis/blob/master/Ardisia_furfuracea-registros_presencia.csv"", ""Enlace al archivo"")"
Ardisia furfuracella,Primulaceae,Ardisia,Ardisia furfuracella,80892.02,128.00,10.00,2115.50,"CR, PA","Area de Conservaci칩n Guanacaste, Arenal Monteverde, Braulio Carrillo, Corcovado, El Montuoso, Golfo Dulce, Las Tablas, Los Santos, Osa, Palo Seco, Rincon de la Vieja, Rio Navarro-Rio Sombrero, Santa Fe, Talamanca Range-La Amistad Reserves / La Amistad National Park","=HYPERLINK(""https://evaluacion-arboles-mesoamerica.github.io/Abarema_racemiflora-Axinaea_costaricensis/Ardisia_furfuracella-mapa_registros_presencia.html"", ""Enlace al mapa"")","=HYPERLINK(""https://evaluacion-arboles-mesoamerica.github.io/Abarema_racemiflora-Axinaea_costaricensis/Ardisia_furfuracella-mapa_agrupado.html"", ""Enlace al mapa"")","=HYPERLINK(""https://github.com/evaluacion-arboles-mesoamerica/Abarema_racemiflora-Axinaea_costaricensis/blob/master/Ardisia_furfuracella-registros_presencia.csv"", ""Enlace al archivo"")"
Ardisia generalensis,Primulaceae,Ardisia,Ardisia generalensis,0.00,4.00,300.00,300.00,PA,,"=HYPERLINK(""https://evaluacion-arboles-mesoamerica.github.io/Abarema_racemiflora-Axinaea_costaricensis/Ardisia_generalensis-mapa_registros_presencia.html"", ""Enlace al mapa"")","=HYPERLINK(""https://evaluacion-arboles-mesoamerica.github.io/Abarema_racemiflora-Axinaea_costaricensis/Ardisia_generalensis-mapa_agrupado.html"", ""Enlace al mapa"")","=HYPERLINK(""https://github.com/evaluacion-arboles-mesoamerica/Abarema_racemiflora-Axinaea_costaricensis/blob/master/Ardisia_generalensis-registros_presencia.csv"", ""Enlace al archivo"")"
Ardisia liesneri,Primulaceae,Ardisia,Ardisia liesneri,1386.71,100.00,5.50,495.00,CR,"Corcovado, Golfo Dulce","=HYPERLINK(""https://evaluacion-arboles-mesoamerica.github.io/Abarema_racemiflora-Axinaea_costaricensis/Ardisia_liesneri-mapa_registros_presencia.html"", ""Enlace al mapa"")","=HYPERLINK(""https://evaluacion-arboles-mesoamerica.github.io/Abarema_racemiflora-Axinaea_costaricensis/Ardisia_liesneri-mapa_agrupado.html"", ""Enlace al mapa"")","=HYPERLINK(""https://github.com/evaluacion-arboles-mesoamerica/Abarema_racemiflora-Axinaea_costaricensis/blob/master/Ardisia_liesneri-registros_presencia.csv"", ""Enlace al archivo"")"
Ardisia maxonii,Primulaceae,Ardisia,Ardisia maxonii,17690.61,60.00,1150.00,2850.00,"CR, PA","Chirripo, Internacional La Amistad, Las Tablas, Los Santos, Talamanca Range-La Amistad Reserves / La Amistad National Park, Volcan Bar칰","=HYPERLINK(""https://evaluacion-arboles-mesoamerica.github.io/Abarema_racemiflora-Axinaea_costaricensis/Ardisia_maxonii-mapa_registros_presencia.html"", ""Enlace al mapa"")","=HYPERLINK(""https://evaluacion-arboles-mesoamerica.github.io/Abarema_racemiflora-Axinaea_costaricensis/Ardisia_maxonii-mapa_agrupado.html"", ""Enlace al mapa"")","=HYPERLINK(""https://github.com/evaluacion-arboles-mesoamerica/Abarema_racemiflora-Axinaea_costaricensis/blob/master/Ardisia_maxonii-registros_presencia.csv"", ""Enlace al archivo"")"
Ardisia opaca,Primulaceae,Ardisia,Ardisia opaca,236360.73,20.00,,,"CO, CR, PA","Darien National Park, Dari칠n, Internacional La Amistad, Talamanca Range-La Amistad Reserves / La Amistad National Park","=HYPERLINK(""https://evaluacion-arboles-mesoamerica.github.io/Abarema_racemiflora-Axinaea_costaricensis/Ardisia_opaca-mapa_registros_presencia.html"", ""Enlace al mapa"")","=HYPERLINK(""https://evaluacion-arboles-mesoamerica.github.io/Abarema_racemiflora-Axinaea_costaricensis/Ardisia_opaca-mapa_agrupado.html"", ""Enlace al mapa"")","=HYPERLINK(""https://github.com/evaluacion-arboles-mesoamerica/Abarema_racemiflora-Axinaea_costaricensis/blob/master/Ardisia_opaca-registros_presencia.csv"", ""Enlace al archivo"")"
Ardisia palmana,Primulaceae,Ardisia,Ardisia palmana,1230596.26,336.00,,,"CO, CR, GY, NI, PA","Area de Conservaci칩n Guanacaste, Arenal Monteverde, Braulio Carrillo, Carauta, Cerro de Escazu, Cerros de Turrubares, Cordillera Volcanica Central, Curi cancha, Estero Puntarenas y Manglares Asociados, Fortuna, Guanacaste, Indio Maiz, Internacional La Amistad, La Amistad, La Selva, Las Tablas, Los Santos, Macizo de Pe침as Blancas, Reserva de la Bi칩sfera de La Amistad, Rio Banano, Sureste de Nicaragua, Talamanca Range-La Amistad Reserves / La Amistad National Park, Tenorio, Utria, Volcan Bar칰, Volcan Tenorio, Volc치n Maderas","=HYPERLINK(""https://evaluacion-arboles-mesoamerica.github.io/Abarema_racemiflora-Axinaea_costaricensis/Ardisia_palmana-mapa_registros_presencia.html"", ""Enlace al mapa"")","=HYPERLINK(""https://evaluacion-arboles-mesoamerica.github.io/Abarema_racemiflora-Axinaea_costaricensis/Ardisia_palmana-mapa_agrupado.html"", ""Enlace al mapa"")","=HYPERLINK(""https://github.com/evaluacion-arboles-mesoamerica/Abarema_racemiflora-Axinaea_costaricensis/blob/master/Ardisia_palmana-registros_presencia.csv"", ""Enlace al archivo"")"
Ardisia pleurobotrya,Primulaceae,Ardisia,Ardisia pleurobotrya,19182.55,192.00,0.00,3100.00,"CR, PA","Area de Conservaci칩n Guanacaste, Braulio Carrillo, Cordillera Volcanica Central, Estero Puntarenas y Manglares Asociados, Internacional La Amistad, La Amistad, Las Tablas, Reserva de la Bi칩sfera de La Amistad, Rincon de la Vieja, Rio Macho, Rio Toro, Talamanca Range-La Amistad Reserves / La Amistad National Park, Tapanti-Macizo de la Muerte, Volcan Poas","=HYPERLINK(""https://evaluacion-arboles-mesoamerica.github.io/Abarema_racemiflora-Axinaea_costaricensis/Ardisia_pleurobotrya-mapa_registros_presencia.html"", ""Enlace al mapa"")","=HYPERLINK(""https://evaluacion-arboles-mesoamerica.github.io/Abarema_racemiflora-Axinaea_costaricensis/Ardisia_pleurobotrya-mapa_agrupado.html"", ""Enlace al mapa"")","=HYPERLINK(""https://github.com/evaluacion-arboles-mesoamerica/Abarema_racemiflora-Axinaea_costaricensis/blob/master/Ardisia_pleurobotrya-registros_presencia.csv"", ""Enlace al archivo"")"
Ardisia storkii,Primulaceae,Ardisia,Ardisia storkii,0.00,4.00,,,CR,,"=HYPERLINK(""https://evaluacion-arboles-mesoamerica.github.io/Abarema_racemiflora-Axinaea_costaricensis/Ardisia_storkii-mapa_registros_presencia.html"", ""Enlace al mapa"")","=HYPERLINK(""https://evaluacion-arboles-mesoamerica.github.io/Abarema_racemiflora-Axinaea_costaricensis/Ardisia_storkii-mapa_agrupado.html"", ""Enlace al mapa"")","=HYPERLINK(""https://github.com/evaluacion-arboles-mesoamerica/Abarema_racemiflora-Axinaea_costaricensis/blob/master/Ardisia_storkii-registros_presencia.csv"", ""Enlace al archivo"")"
Ardisia tarariae,Primulaceae,Ardisia,Ardisia tarariae,144.75,40.00,,,CR,"Internacional La Amistad, Talamanca Range-La Amistad Reserves / La Amistad National Park","=HYPERLINK(""https://evaluacion-arboles-mesoamerica.github.io/Abarema_racemiflora-Axinaea_costaricensis/Ardisia_tarariae-mapa_registros_presencia.html"", ""Enlace al mapa"")","=HYPERLINK(""https://evaluacion-arboles-mesoamerica.github.io/Abarema_racemiflora-Axinaea_costaricensis/Ardisia_tarariae-mapa_agrupado.html"", ""Enlace al mapa"")","=HYPERLINK(""https://github.com/evaluacion-arboles-mesoamerica/Abarema_racemiflora-Axinaea_costaricensis/blob/master/Ardisia_tarariae-registros_presencia.csv"", ""Enlace al archivo"")"
Ardisia tortuguerensis,Primulaceae,Ardisia,Ardisia tortuguerensis,0.00,8.00,100.00,100.00,CR,"Humedal Caribe Noreste, Tortuguero","=HYPERLINK(""https://evaluacion-arboles-mesoamerica.github.io/Abarema_racemiflora-Axinaea_costaricensis/Ardisia_tortuguerensis-mapa_registros_presencia.html"", ""Enlace al mapa"")","=HYPERLINK(""https://evaluacion-arboles-mesoamerica.github.io/Abarema_racemiflora-Axinaea_costaricensis/Ardisia_tortuguerensis-mapa_agrupado.html"", ""Enlace al mapa"")","=HYPERLINK(""https://github.com/evaluacion-arboles-mesoamerica/Abarema_racemiflora-Axinaea_costaricensis/blob/master/Ardisia_tortuguerensis-registros_presencia.csv"", ""Enlace al archivo"")"
Ardisia wedelii,Primulaceae,Ardisia,Ardisia wedelii,190324.92,248.00,,,"CR, NI, PA","Area de Conservaci칩n Guanacaste, Bosawas, Braulio Carrillo, Carara, Cerro Kilambe, Cerro Silva, Fortuna, Humedal Caribe Noreste, Indio Maiz, La Selva, Palo Seco, R칤o San Juan, Santa Fe, Sureste de Nicaragua, Tortuguero, Zona de Amortiguamiento (Bosawas), Zona de Emergencia Volcan Arenal","=HYPERLINK(""https://evaluacion-arboles-mesoamerica.github.io/Abarema_racemiflora-Axinaea_costaricensis/Ardisia_wedelii-mapa_registros_presencia.html"", ""Enlace al mapa"")","=HYPERLINK(""https://evaluacion-arboles-mesoamerica.github.io/Abarema_racemiflora-Axinaea_costaricensis/Ardisia_wedelii-mapa_agrupado.html"", ""Enlace al mapa"")","=HYPERLINK(""https://github.com/evaluacion-arboles-mesoamerica/Abarema_racemiflora-Axinaea_costaricensis/blob/master/Ardisia_wedelii-registros_presencia.csv"", ""Enlace al archivo"")"
Astrocaryum alatum,Arecaceae,Astrocaryum,Astrocaryum alatum,246601.63,260.00,,,"CR, HN, NI, PA","Area de Conservaci칩n Guanacaste, Arenal Monteverde, Barra del Colorado, Braulio Carrillo, Carara, Cerro Bana Cruz, Chagres, Donoso, Estero Puntarenas y Manglares Asociados, Gandoca Manzanillo, Gandoca-Manzanillo, Golfo Dulce, Guanacaste, Humedal Caribe Noreste, Indio Maiz, Santa Fe, Soberania, Sureste de Nicaragua, Zona de Amortiguamiento (Bosawas)","=HYPERLINK(""https://evaluacion-arboles-mesoamerica.github.io/Abarema_racemiflora-Axinaea_costaricensis/Astrocaryum_alatum-mapa_registros_presencia.html"", ""Enlace al mapa"")","=HYPERLINK(""https://evaluacion-arboles-mesoamerica.github.io/Abarema_racemiflora-Axinaea_costaricensis/Astrocaryum_alatum-mapa_agrupado.html"", ""Enlace al mapa"")","=HYPERLINK(""https://github.com/evaluacion-arboles-mesoamerica/Abarema_racemiflora-Axinaea_costaricensis/blob/master/Astrocaryum_alatum-registros_presencia.csv"", ""Enlace al archivo"")"
Astrocaryum confertum,Arecaceae,Astrocaryum,Astrocaryum confertum,44098.46,40.00,50.00,350.00,"CR, PA","Barra del Colorado, Donoso, Humedal Caribe Noreste, La Selva, Nargan치, Tortuguero","=HYPERLINK(""https://evaluacion-arboles-mesoamerica.github.io/Abarema_racemiflora-Axinaea_costaricensis/Astrocaryum_confertum-mapa_registros_presencia.html"", ""Enlace al mapa"")","=HYPERLINK(""https://evaluacion-arboles-mesoamerica.github.io/Abarema_racemiflora-Axinaea_costaricensis/Astrocaryum_confertum-mapa_agrupado.html"", ""Enlace al mapa"")","=HYPERLINK(""https://github.com/evaluacion-arboles-mesoamerica/Abarema_racemiflora-Axinaea_costaricensis/blob/master/Astrocaryum_confertum-registros_presencia.csv"", ""Enlace al archivo"")"
Astrocaryum standleyanum,Arecaceae,Astrocaryum,Astrocaryum standleyanum,1177688.75,312.00,,,"CO, CR, EC, PA","Barra del Colorado, Barro Colorado, Darien, Darien National Park, Dari칠n, De Los Humedales Entre Los R칤os Leon Y Suriqu칤, En el Territorio Colectivo del Consejo Comunitario de la Comunidad Negra de la Plata, Gandoca Manzanillo, Gandoca-Manzanillo, Golfo Dulce, Humedales entre los Rios Leon y Suriqui, La Sierpe, Los Katios, Los Kat칤os National Park, Machalilla, Manglares Churute, Manuel Antonio, Nargan치, Soberania, Zona Marina Parque Nacional Machalilla","=HYPERLINK(""https://evaluacion-arboles-mesoamerica.github.io/Abarema_racemiflora-Axinaea_costaricensis/Astrocaryum_standleyanum-mapa_registros_presencia.html"", ""Enlace al mapa"")","=HYPERLINK(""https://evaluacion-arboles-mesoamerica.github.io/Abarema_racemiflora-Axinaea_costaricensis/Astrocaryum_standleyanum-mapa_agrupado.html"", ""Enlace al mapa"")","=HYPERLINK(""https://github.com/evaluacion-arboles-mesoamerica/Abarema_racemiflora-Axinaea_costaricensis/blob/master/Astrocaryum_standleyanum-registros_presencia.csv"", ""Enlace al archivo"")"
Astrocasia peltata,Phyllanthaceae,Astrocasia,Astrocasia peltata,243567.32,76.00,,,MX,"Chamela-Cuixmala, Islands and Protected Areas of the Gulf of California, Islas Mar칤as, Islas del Golfo de California, Reserva de la Biosfera Chamela-Cuixmala","=HYPERLINK(""https://evaluacion-arboles-mesoamerica.github.io/Abarema_racemiflora-Axinaea_costaricensis/Astrocasia_peltata-mapa_registros_presencia.html"", ""Enlace al mapa"")","=HYPERLINK(""https://evaluacion-arboles-mesoamerica.github.io/Abarema_racemiflora-Axinaea_costaricensis/Astrocasia_peltata-mapa_agrupado.html"", ""Enlace al mapa"")","=HYPERLINK(""https://github.com/evaluacion-arboles-mesoamerica/Abarema_racemiflora-Axinaea_costaricensis/blob/master/Astrocasia_peltata-registros_presencia.csv"", ""Enlace al archivo"")"
Ateleia herbert-smithii,Fabaceae,Ateleia,Ateleia herbert-smithii,710708.30,80.00,,,"CO, CR, NI","Area de Conservaci칩n Guanacaste, R칤o Escalante Chacocente, Santa Rosa, Tayrona","=HYPERLINK(""https://evaluacion-arboles-mesoamerica.github.io/Abarema_racemiflora-Axinaea_costaricensis/Ateleia_herbert-smithii-mapa_registros_presencia.html"", ""Enlace al mapa"")","=HYPERLINK(""https://evaluacion-arboles-mesoamerica.github.io/Abarema_racemiflora-Axinaea_costaricensis/Ateleia_herbert-smithii-mapa_agrupado.html"", ""Enlace al mapa"")","=HYPERLINK(""https://github.com/evaluacion-arboles-mesoamerica/Abarema_racemiflora-Axinaea_costaricensis/blob/master/Ateleia_herbert-smithii-registros_presencia.csv"", ""Enlace al archivo"")"
Ateleia pterocarpa,Fabaceae,Ateleia,Ateleia pterocarpa,1342254.33,428.00,0.00,1250.00,"BZ, CR, GT, HN, MX, NI","Area de Conservaci칩n Guanacaste, Cockscomb Basin, El Triunfo, La Concordia Zaragoza, La Sepultura, Laguna de T칠rminos, Los Santos, Los Tuxtlas, Manglares y humedales de la Laguna de Sontecomapan, Monta침as Mayas Chiquibul, Montes Azules, Parque Nacional Yaxh치-Nakum-Naranjo, Santa Rosa, Zona de Protecci칩n Forestal en los terrenos que se encuentran en los municipios de La Concordia, Angel Albino Corzo, Villa Flores y Jiquipilas, 츼rea de Protecci칩n de Flora y Fauna Laguna de T칠rminos","=HYPERLINK(""https://evaluacion-arboles-mesoamerica.github.io/Abarema_racemiflora-Axinaea_costaricensis/Ateleia_pterocarpa-mapa_registros_presencia.html"", ""Enlace al mapa"")","=HYPERLINK(""https://evaluacion-arboles-mesoamerica.github.io/Abarema_racemiflora-Axinaea_costaricensis/Ateleia_pterocarpa-mapa_agrupado.html"", ""Enlace al mapa"")","=HYPERLINK(""https://github.com/evaluacion-arboles-mesoamerica/Abarema_racemiflora-Axinaea_costaricensis/blob/master/Ateleia_pterocarpa-registros_presencia.csv"", ""Enlace al archivo"")"
Avicennia bicolor,Acanthaceae,Avicennia,Avicennia bicolor,455710.75,288.00,,,"CO, CR, HN, NI, PA, SV","Area de Conservaci칩n Guanacaste, Bah칤a de Chismuyo, Bah칤a de Jiquilisco, Ceneg칩n del Mangle, Cipanci, Estero Puntarenas y Manglares Asociados, Estero Real, Gorgona, Isla Juan Venado, Isla San lucas, Manglar Bah칤a de Jiquilisco, Marino las Baulas de Guanacaste, Palo Verde, Piedras Blancas, Santa Rosa, Tivives, Volc치n Cosiguina, Xiriualtique-Jiquilisco, Zona de Amortiguamiento (juan venado), 츼rea de Manejo Especial Municipal de Chame (Manglares)","=HYPERLINK(""https://evaluacion-arboles-mesoamerica.github.io/Abarema_racemiflora-Axinaea_costaricensis/Avicennia_bicolor-mapa_registros_presencia.html"", ""Enlace al mapa"")","=HYPERLINK(""https://evaluacion-arboles-mesoamerica.github.io/Abarema_racemiflora-Axinaea_costaricensis/Avicennia_bicolor-mapa_agrupado.html"", ""Enlace al mapa"")","=HYPERLINK(""https://github.com/evaluacion-arboles-mesoamerica/Abarema_racemiflora-Axinaea_costaricensis/blob/master/Avicennia_bicolor-registros_presencia.csv"", ""Enlace al archivo"")"
Avicennia germinans,Acanthaceae,Avicennia,Avicennia germinans,112664622.30,6588.00,,,"AG, AO, AW, BJ, BL, BR, BS, BZ, CD, CG, CI, CM, CO, CR, CU, CW, DE, DO, EC, GA, GD, GF, GH, GM, GN, GP, GQ, GT, GW, GY, HN, HT, IR, JM, KN, KY, LR, MQ, MR, MX, NG, NI, PA, PE, PR, SL, SN, SR, ST, SV, TG, TT, US, VC, VE, VI","Agoa, Alligator Harbor, Amazon Estuary and its Mangroves, Anastasia, Apalachicola Bay, Apalachicola National Estuarine Research Reserve Outstanding Florida Water, Aransas, Archipiel치go de Col칩n (Gal치pagos), Area de Conservaci칩n Guanacaste, Arrecife de Puerto Morelos, Arrecifes de Cozumel, Arrecifes de Xcalak, Arrecifes de la Cordillera, Bacalar Chico, Bahia Honda, Bahia Junquillal, Bahia Portete Kaurrele, Bah칤a de Jiquilisco, Bah칤a de Loreto, Banco Chinchorro, Belize Barrier Reef Reserve System, Biscayne, Black Point Park and, Blanca Jeannette Kawas (Punta Sal), Bogue Islands Lagoon, Bogue Lagoon Creek, Booby Pond Nature Reserve, Booby Pond and Rookery Animal Sanctuary/RAMSAR Site, Bosque Estatal de Gu치nica, Bower Tract, Breton, Buenavista, Cabezas de San Juan, Cades Bay, Caladesi Island, Canal del Infiernillo y esteros del territorio Comcaac, Canaveral, Cape St. George, Caribe Mexicano Profundo, Cas Cay, Cayo Levisa- Corona de San Carlos, Cayos Miskitos y Franja Costera Inmediata, Cedar Keys, Cerro Silva, Chagres, Chamela-Cuixmala, Cipanci, Ci칠naga de Zapata, Ci칠nagas y Manglares de la Costa Norte de Yucat치n, Ci칠nega del Fuerte, Coconut Point, Complejo Jaltepeque, Complejo Lagunar Bah칤a Gu치simas - Estero Lobos, Corcovado, Costa Occidental de Isla Mujeres, Punta Canc칰n y Punta Nizuc, Cotubanam치 (Del Este), Crandon, Crane Point, Crocodile Lake, Cuencas y corales de la zona costera de Huatulco, Curry Hammock, Darien National Park, Dari칠n, De la Cuenca Alta del Rio Quindio de Salento, Delta del Orinoco, Dr. Julian G. Bruce St. George Island, Dzilam, El Palmar, El Vizca칤no, Emerson Point, Ensenada de Pabellones, Estero Bay, Estero El Salado, Estero El Soldado, Estero La Manzanilla, Estero Padre Ramos, Estero Puntarenas y Manglares Asociados, Estero Real, Etang des Salines, Etangs des Salines, Everglades, Everglades National Park, Farallones de Cali, Florida Keys, Galeras, Galveston Island, Gal치pagos, Gal치pagos Islands, Gandoca Manzanillo, Gandoca-Manzanillo, General Use Zone, Golfito, Gran Humedal del Norte de Ciego de 츼vila, Grand Isle, Great White Heron, Greynolds, Guadeloupe, Guadeloupe [aire d'adh칠sion], Guana River Marsh, Guana Tolomato Matanzas, Guarapiche, Gulf Islands, Healthshire, Honeymoon Island, Hugh Taylor Birch, Humedal Los Comond칰, Humedal de Importancia para la Conservaci칩n de Aves Acu치ticas Reserva R칤o Lagartos, Humedales Mogote - Ensenada de La Paz, Humedales de Yavaros - Moroncarit, Humedales de la Laguna la Cruz, Humedales del norte de Ciego de Avila, Imataca, Indian River - Malabar to Vero Beach, Isla Contoy, Isla Juan Venado, Isla Mart칤n P칠rez, Isla San lucas, Isla de Salamanca, Islands and Protected Areas of the Gulf of California, Islas Mar칤as, Islas del Golfo de California, Islas del Pac칤fico de la Pen칤nsula de Baja California, Isles Dernieres Barrier Islands, J.N. Ding Darling, Jeff Lewis, Jobos Bay, John Pennekamp Coral Reef, La Encrucijada, La Mancha y El Llano, La Tovara, La porci칩n norte y la franja costera oriental, terrestres y marinas de la Isla de Cozumel, Laguna Atascosa, Laguna Huizache Caimanero, Laguna Madre, Laguna Madre y Delta del R칤o Bravo, Laguna Playa Colorada-Santa Marea La Reforma, Laguna de T칠rminos, Lagunas Costeras y Serranias Aleda침as de la Costa de Michoacan, Lagunas de Chacahua, Lagunas de Santa Mar칤a-Topolobampo-Ohuira, Las Dunas de las Calderas, Leon Levy Native Plant Preserve, Lignumvitae Key, Limestone Creek, Litoral Central, Long Key, Los Corales del Rosario y San Bernardo, Los Delgaditos, Los Flamencos, Los Petenes, Los Tuxtlas, Lovers Key, Lower Rio Grande Valley, Lower Suwannee, L칤mite Maritimo (I. Juan Venado), Manglar Bah칤a de Jiquilisco, Manglar Barra de Santiago, Manglar Estero de Jaltepeque, Manglar de la Bahia de Cispata y Sector Aledano del Delta Estuarino del Rio Sinu, Manglares Cayapas Mataje, Manglares Churute, Manglares El Morro, Manglares El Salado, Manglares de Nichupt칠, Manglares del Bajo Yuna, Manglares y Humedales del Norte de Isla Cozumel, Manglares y humedales de Tuxpan, Manglares y humedales de la Laguna de Sontecomapan, Marino las Baulas de Guanacaste, Marismas Nacionales, Marismas Nacionales Nayarit, Marjory Stoneman Douglas, Martinique, Matanzas Pass, Matheson Ha, Maximum 30 MPH, Merritt Island, Meseta de Cacaxtla, Mills Pond, Mission-Aransas, Mobbly Bayou, Mochima, Morrocoy, Mosquito Lagoon, Nargan치, National Key Deer, Negril Great Morass, Northeast Marine Management Area, Packery Channel Natur, Padre Island, Palisadoes, Palisadoes - Port Royal, Palo Verde, Pantanos de Centla, Parque Estadual Do Bacanga, Parque Estadual Do Coc칩, Parque Nacional Arrecife de Cozumel, Parque Nacional Arrecife de Puerto Morelos, Parque Nacional Arrecifes de Xcalak, Parque Nacional Bah칤a de Loreto, Parque Nacional Isla Contoy, Parque Nacional Sistema Arrecifal Veracruzano, Pelican Island, Pen칤nsula de Paria, Pen칤nsula de Zapata, Pinellas County, Playa Adyacente a la localidad denominada R칤o Lagartos, Playa Barra de la Cruz, Playa Ceuta, Playa Hermosa-Punta Mala, Port Aransas Nature Preserve at Charlie's Pasture, Port Salut-Aquin, Portland Bight, Portland Bight Wetlands and Cays, Punta Izopo, ROCHER DE LA CARAVELLE, Rancho La Merced, Ref칰gio De Vida Silvestre De Santa Cruz, Ref칰gio De Vida Silvestre De Una, Reserva Biol칩gica Do Lago Piratuba, Reserva Comunal Mascalco, Reserva Estatal El Palmar, Reserva Estatal de Dzilam, Reserva Extrativista Mae Grande De Curu칞a, Reserva Extrativista Marinha Arai-Peroba, Reserva Extrativista Marinha Caet칠tapera칞u, Reserva Extrativista Marinha De Gurupi-Piri치, Reserva Extrativista Marinha De Soure, Reserva Extrativista Marinha Do Delta Do Parnaiba, Reserva Extrativista Marinha Mestre Lucindo, Reserva Extrativista Marinha Mocapajuba, Reserva Extrativista Marinha Tracuateua, Reserva Natural Arrecifes De La Cordillera, Reserva Natural Las Cabezas De San Juan, Reserva de la Biosfera Banco Chinchorro, Reserva de la Biosfera Chamela-Cuixmala, Reserva de la Biosfera La Encrucijada, Reserva de la Biosfera Los Petenes, Reserva de la Biosfera Pantanos de Centla, Reserva de la Biosfera R칤a Celest칰n, Robinson, Rocky Point, Ambergris Caye, R칤a Celestun, R칤a Celest칰n, R칤a Lagartos, R칤o Escalante Chacocente, San Carlos Bay - Bunche Beach, San Lorenzo, Santa Rosa, Santuario Playa Boca de Apiza-El Chupadero-El Tecuanillo, Santuario del Manat칤, Bah칤a de Chetumal, Sapodilla Cayes, Sarigua, Shell Beach Protected Area, Sian Ka'an, Sistema Arrecifal Lobos-Tuxpan, Sistema Arrecifal Veracruzano, Sistema Estuarino Puerto Arista, Sistema Lagunar Agiabampo - Bacorehuis - R칤o Fuerte Antiguo, Sistema Lagunar Alvarado, Sistema Lagunar Ceuta, Sistema Lagunar Estuarino Agua Dulce - El Ermita침o, Sistema Lagunar San Ignacio - Navachiste - Macapule, Slow Speed, Slow Speed (Spring to Fall, Variable Regulations), South Water Caye, Southeast U.S., St. Joseph Bay, St. Vincent, Sureste de Nicaragua, Tayrona, Terra Ceia, Terraba-Sierpe, The Hammock, Tivives, Tobago Cays-Mayreau, Tomoka, Tomoka Marsh, Turuepano, Utria, Vieques, Vizcaya Museum and, Weedon Island, Werner-Boyce Salt Springs, West La, Windley Key Fossil Reef Geological, Xiriualtique-Jiquilisco, Yum Balam, Zona de Protecci칩n Forestal en los terrenos que se encuentran en los municipios de La Concordia, Angel Albino Corzo, Villa Flores y Jiquipilas, Zona de Reserva Para protecci칩n especial de la fauna, flora y en general del ecosistema natural y biotopo en el 치rea (MONTERRICO), Zona marina del Archipi칠lago de Esp칤ritu Santo, 츼rea De Prote칞칚o Ambiental Costa De Itacar칠/ Serra Grande, 츼rea De Prote칞칚o Ambiental Da Bacia Do Rio S칚o Jo칚o - Mico Le칚o, 츼rea De Prote칞칚o Ambiental Da Baixada Maranhense, 츼rea De Prote칞칚o Ambiental Da Foz Do Rio Das Pregui칞as - Pequenos Len칞칩is - Regi칚o Lagunar Adjacente, 츼rea De Prote칞칚o Ambiental Delta Do Parnaiba, 츼rea De Prote칞칚o Ambiental Do Arquip칠lago Do Maraj칩, 츼rea De Prote칞칚o Ambiental Do Catol칠 E Fern칚o Velho, 츼rea De Prote칞칚o Ambiental Lagoa Encantada, 츼rea De Relevante Interesse Ecol칩gico Corredor Ecol칩gico Lagoa Encantada / Serra Do Conduru, 츼rea de Protecci칩n de Flora y Fauna Laguna de T칠rminos, 츼rea de Protecci칩n de Flora y Fauna Yum Balam","=HYPERLINK(""https://evaluacion-arboles-mesoamerica.github.io/Abarema_racemiflora-Axinaea_costaricensis/Avicennia_germinans-mapa_registros_presencia.html"", ""Enlace al mapa"")","=HYPERLINK(""https://evaluacion-arboles-mesoamerica.github.io/Abarema_racemiflora-Axinaea_costaricensis/Avicennia_germinans-mapa_agrupado.html"", ""Enlace al mapa"")","=HYPERLINK(""https://github.com/evaluacion-arboles-mesoamerica/Abarema_racemiflora-Axinaea_costaricensis/blob/master/Avicennia_germinans-registros_presencia.csv"", ""Enlace al archivo"")"
Axinaea costaricensis,Melastomataceae,Axinaea,Axinaea costaricensis,502241.54,224.00,216.00,3230.00,"CO, CR, PA, VE","Braulio Carrillo, Cerro de Escazu, Chirripo, Cordillera Volcanica Central, Guaramacal, Internacional La Amistad, Juan Castro Blanco, La Amistad, Los Quetzales, Los Santos, Reserva de la Bi칩sfera de La Amistad, Rio Toro, Sisavita, Sureste del Lago de Maracaibo Sto. Domingo-Motat치n, Talamanca Range-La Amistad Reserves / La Amistad National Park, Tapanti-Macizo de la Muerte, Volcan Bar칰, Volcan Poas","=HYPERLINK(""https://evaluacion-arboles-mesoamerica.github.io/Abarema_racemiflora-Axinaea_costaricensis/Axinaea_costaricensis-mapa_registros_presencia.html"", ""Enlace al mapa"")","=HYPERLINK(""https://evaluacion-arboles-mesoamerica.github.io/Abarema_racemiflora-Axinaea_costaricensis/Axinaea_costaricensis-mapa_agrupado.html"", ""Enlace al mapa"")","=HYPERLINK(""https://github.com/evaluacion-arboles-mesoamerica/Abarema_racemiflora-Axinaea_costaricensis/blob/master/Axinaea_costaricensis-registros_presencia.csv"", ""Enlace al archivo"")"
